date,name,cumCase
2020-08-12,East Midlands,24479
2020-08-12,East of England,25403
2020-08-12,London,36538
2020-08-12,North East,15544
2020-08-12,North West,48919
2020-08-12,South East,36083
2020-08-12,South West,13701
2020-08-12,West Midlands,28142
2020-08-12,Yorkshire and The Humber,33585
2020-08-13,East Midlands,24479
2020-08-13,East of England,25403
2020-08-13,London,36538
2020-08-13,North East,15544
2020-08-13,North West,48919
2020-08-13,South East,36083
2020-08-13,South West,13701
2020-08-13,West Midlands,28142
2020-08-13,Yorkshire and The Humber,33585
2020-08-14,East Midlands,24895
2020-08-14,East of England,25493
2020-08-14,London,36838
2020-08-14,North East,15620
2020-08-14,North West,49499
2020-08-14,South East,36230
2020-08-14,South West,13785
2020-08-14,West Midlands,28413
2020-08-14,Yorkshire and The Humber,33935
2020-08-15,East Midlands,25007
2020-08-15,East of England,25544
2020-08-15,London,36957
2020-08-15,North East,15660
2020-08-15,North West,49704
2020-08-15,South East,36298
2020-08-15,South West,13813
2020-08-15,West Midlands,28547
2020-08-15,Yorkshire and The Humber,34101
2020-08-16,East Midlands,25084
2020-08-16,East of England,25609
2020-08-16,London,37093
2020-08-16,North East,15699
2020-08-16,North West,49904
2020-08-16,South East,36397
2020-08-16,South West,13883
2020-08-16,West Midlands,28681
2020-08-16,Yorkshire and The Humber,34234
2020-08-17,East Midlands,25161
2020-08-17,East of England,25643
2020-08-17,London,37188
2020-08-17,North East,15717
2020-08-17,North West,50069
2020-08-17,South East,36458
2020-08-17,South West,13908
2020-08-17,West Midlands,28754
2020-08-17,Yorkshire and The Humber,34318
2020-08-18,East Midlands,25240
2020-08-18,East of England,25711
2020-08-18,London,37333
2020-08-18,North East,15739
2020-08-18,North West,50280
2020-08-18,South East,36534
2020-08-18,South West,13969
2020-08-18,West Midlands,28891
2020-08-18,Yorkshire and The Humber,34479
2020-08-19,East Midlands,25305
2020-08-19,East of England,25750
2020-08-19,London,37438
2020-08-19,North East,15761
2020-08-19,North West,50456
2020-08-19,South East,36597
2020-08-19,South West,14004
2020-08-19,West Midlands,28990
2020-08-19,Yorkshire and The Humber,34581
2020-08-20,East Midlands,25421
2020-08-20,East of England,25794
2020-08-20,London,37610
2020-08-20,North East,15791
2020-08-20,North West,50706
2020-08-20,South East,36679
2020-08-20,South West,14051
2020-08-20,West Midlands,29128
2020-08-20,Yorkshire and The Humber,34724
2020-08-21,East Midlands,25483
2020-08-21,East of England,25857
2020-08-21,London,37711
2020-08-21,North East,15829
2020-08-21,North West,50973
2020-08-21,South East,36775
2020-08-21,South West,14102
2020-08-21,West Midlands,29232
2020-08-21,Yorkshire and The Humber,34826
2020-08-22,East Midlands,25614
2020-08-22,East of England,25931
2020-08-22,London,37894
2020-08-22,North East,15867
2020-08-22,North West,51153
2020-08-22,South East,36874
2020-08-22,South West,14188
2020-08-22,West Midlands,29341
2020-08-22,Yorkshire and The Humber,34971
2020-08-23,East Midlands,25709
2020-08-23,East of England,25990
2020-08-23,London,38049
2020-08-23,North East,15895
2020-08-23,North West,51346
2020-08-23,South East,36978
2020-08-23,South West,14241
2020-08-23,West Midlands,29450
2020-08-23,Yorkshire and The Humber,35092
2020-08-24,East Midlands,25772
2020-08-24,East of England,26049
2020-08-24,London,38182
2020-08-24,North East,15940
2020-08-24,North West,51494
2020-08-24,South East,37084
2020-08-24,South West,14287
2020-08-24,West Midlands,29527
2020-08-24,Yorkshire and The Humber,35173
2020-08-25,East Midlands,25846
2020-08-25,East of England,26128
2020-08-25,London,38386
2020-08-25,North East,15958
2020-08-25,North West,51708
2020-08-25,South East,37213
2020-08-25,South West,14369
2020-08-25,West Midlands,29637
2020-08-25,Yorkshire and The Humber,35305
2020-08-26,East Midlands,25907
2020-08-26,East of England,26198
2020-08-26,London,38543
2020-08-26,North East,16005
2020-08-26,North West,51899
2020-08-26,South East,37280
2020-08-26,South West,14408
2020-08-26,West Midlands,29745
2020-08-26,Yorkshire and The Humber,35418
2020-08-27,East Midlands,26021
2020-08-27,East of England,26295
2020-08-27,London,38753
2020-08-27,North East,16059
2020-08-27,North West,52197
2020-08-27,South East,37373
2020-08-27,South West,14459
2020-08-27,West Midlands,29950
2020-08-27,Yorkshire and The Humber,35615
2020-08-28,East Midlands,26091
2020-08-28,East of England,26413
2020-08-28,London,38919
2020-08-28,North East,16105
2020-08-28,North West,52483
2020-08-28,South East,37473
2020-08-28,South West,14508
2020-08-28,West Midlands,30075
2020-08-28,Yorkshire and The Humber,35744
2020-08-29,East Midlands,26148
2020-08-29,East of England,26475
2020-08-29,London,39062
2020-08-29,North East,16124
2020-08-29,North West,52684
2020-08-29,South East,37562
2020-08-29,South West,14553
2020-08-29,West Midlands,30190
2020-08-29,Yorkshire and The Humber,35891
2020-08-30,East Midlands,26251
2020-08-30,East of England,26590
2020-08-30,London,39259
2020-08-30,North East,16215
2020-08-30,North West,53111
2020-08-30,South East,37685
2020-08-30,South West,14626
2020-08-30,West Midlands,30347
2020-08-30,Yorkshire and The Humber,36073
2020-08-31,East Midlands,26317
2020-08-31,East of England,26681
2020-08-31,London,39419
2020-08-31,North East,16315
2020-08-31,North West,53377
2020-08-31,South East,37800
2020-08-31,South West,14684
2020-08-31,West Midlands,30462
2020-08-31,Yorkshire and The Humber,36240
2020-09-01,East Midlands,26378
2020-09-01,East of England,26789
2020-09-01,London,39607
2020-09-01,North East,16404
2020-09-01,North West,53577
2020-09-01,South East,37927
2020-09-01,South West,14733
2020-09-01,West Midlands,30563
2020-09-01,Yorkshire and The Humber,36357
2020-09-02,East Midlands,26462
2020-09-02,East of England,26870
2020-09-02,London,39797
2020-09-02,North East,16499
2020-09-02,North West,53857
2020-09-02,South East,38030
2020-09-02,South West,14779
2020-09-02,West Midlands,30708
2020-09-02,Yorkshire and The Humber,36548
2020-09-03,East Midlands,26560
2020-09-03,East of England,26971
2020-09-03,London,40013
2020-09-03,North East,16572
2020-09-03,North West,54225
2020-09-03,South East,38127
2020-09-03,South West,14866
2020-09-03,West Midlands,30870
2020-09-03,Yorkshire and The Humber,36791
2020-09-04,East Midlands,26670
2020-09-04,East of England,27066
2020-09-04,London,40309
2020-09-04,North East,16689
2020-09-04,North West,54668
2020-09-04,South East,38265
2020-09-04,South West,14935
2020-09-04,West Midlands,31077
2020-09-04,Yorkshire and The Humber,36966
2020-09-05,East Midlands,26807
2020-09-05,East of England,27184
2020-09-05,London,40541
2020-09-05,North East,16805
2020-09-05,North West,54949
2020-09-05,South East,38411
2020-09-05,South West,15007
2020-09-05,West Midlands,31254
2020-09-05,Yorkshire and The Humber,37131
2020-09-06,East Midlands,27014
2020-09-06,East of England,27292
2020-09-06,London,40849
2020-09-06,North East,17037
2020-09-06,North West,55655
2020-09-06,South East,38537
2020-09-06,South West,15094
2020-09-06,West Midlands,31674
2020-09-06,Yorkshire and The Humber,37502
2020-09-07,East Midlands,27240
2020-09-07,East of England,27400
2020-09-07,London,41123
2020-09-07,North East,17227
2020-09-07,North West,56269
2020-09-07,South East,38733
2020-09-07,South West,15205
2020-09-07,West Midlands,32104
2020-09-07,Yorkshire and The Humber,37851
2020-09-08,East Midlands,27415
2020-09-08,East of England,27516
2020-09-08,London,41450
2020-09-08,North East,17335
2020-09-08,North West,56743
2020-09-08,South East,38957
2020-09-08,South West,15308
2020-09-08,West Midlands,32356
2020-09-08,Yorkshire and The Humber,38148
2020-09-09,East Midlands,27595
2020-09-09,East of England,27629
2020-09-09,London,41765
2020-09-09,North East,17551
2020-09-09,North West,57220
2020-09-09,South East,39179
2020-09-09,South West,15438
2020-09-09,West Midlands,32684
2020-09-09,Yorkshire and The Humber,38442
2020-09-10,East Midlands,27774
2020-09-10,East of England,27793
2020-09-10,London,42069
2020-09-10,North East,17754
2020-09-10,North West,57961
2020-09-10,South East,39378
2020-09-10,South West,15513
2020-09-10,West Midlands,33037
2020-09-10,Yorkshire and The Humber,38785
2020-09-11,East Midlands,28073
2020-09-11,East of England,27928
2020-09-11,London,42485
2020-09-11,North East,17972
2020-09-11,North West,58837
2020-09-11,South East,39603
2020-09-11,South West,15630
2020-09-11,West Midlands,33453
2020-09-11,Yorkshire and The Humber,39172
2020-09-12,East Midlands,28350
2020-09-12,East of England,28108
2020-09-12,London,42878
2020-09-12,North East,18200
2020-09-12,North West,59637
2020-09-12,South East,39819
2020-09-12,South West,15736
2020-09-12,West Midlands,33810
2020-09-12,Yorkshire and The Humber,39590
2020-09-13,East Midlands,28592
2020-09-13,East of England,28243
2020-09-13,London,43189
2020-09-13,North East,18395
2020-09-13,North West,60543
2020-09-13,South East,39935
2020-09-13,South West,15810
2020-09-13,West Midlands,34207
2020-09-13,Yorkshire and The Humber,40003
2020-09-14,East Midlands,28788
2020-09-14,East of England,28318
2020-09-14,London,43407
2020-09-14,North East,18484
2020-09-14,North West,61277
2020-09-14,South East,40056
2020-09-14,South West,15866
2020-09-14,West Midlands,34556
2020-09-14,Yorkshire and The Humber,40359
2020-09-15,East Midlands,29008
2020-09-15,East of England,28449
2020-09-15,London,43685
2020-09-15,North East,18685
2020-09-15,North West,62086
2020-09-15,South East,40208
2020-09-15,South West,15947
2020-09-15,West Midlands,34893
2020-09-15,Yorkshire and The Humber,40746
2020-09-16,East Midlands,29278
2020-09-16,East of England,28553
2020-09-16,London,43928
2020-09-16,North East,18963
2020-09-16,North West,63376
2020-09-16,South East,40368
2020-09-16,South West,16031
2020-09-16,West Midlands,35321
2020-09-16,Yorkshire and The Humber,41257
2020-09-17,East Midlands,29458
2020-09-17,East of England,28679
2020-09-17,London,44175
2020-09-17,North East,19227
2020-09-17,North West,64308
2020-09-17,South East,40504
2020-09-17,South West,16116
2020-09-17,West Midlands,35660
2020-09-17,Yorkshire and The Humber,41659
2020-09-18,East Midlands,29722
2020-09-18,East of England,28786
2020-09-18,London,44552
2020-09-18,North East,19559
2020-09-18,North West,65710
2020-09-18,South East,40635
2020-09-18,South West,16210
2020-09-18,West Midlands,36129
2020-09-18,Yorkshire and The Humber,42176
2020-09-19,East Midlands,29928
2020-09-19,East of England,28925
2020-09-19,London,44872
2020-09-19,North East,19929
2020-09-19,North West,67044
2020-09-19,South East,40798
2020-09-19,South West,16292
2020-09-19,West Midlands,36571
2020-09-19,Yorkshire and The Humber,42705
2020-09-20,East Midlands,30140
2020-09-20,East of England,29060
2020-09-20,London,45113
2020-09-20,North East,20347
2020-09-20,North West,68105
2020-09-20,South East,40908
2020-09-20,South West,16384
2020-09-20,West Midlands,37029
2020-09-20,Yorkshire and The Humber,43150
2020-09-21,East Midlands,30350
2020-09-21,East of England,29233
2020-09-21,London,45395
2020-09-21,North East,20756
2020-09-21,North West,69450
2020-09-21,South East,41087
2020-09-21,South West,16516
2020-09-21,West Midlands,37487
2020-09-21,Yorkshire and The Humber,43642
2020-09-22,East Midlands,30580
2020-09-22,East of England,29422
2020-09-22,London,45749
2020-09-22,North East,21293
2020-09-22,North West,70831
2020-09-22,South East,41274
2020-09-22,South West,16648
2020-09-22,West Midlands,38077
2020-09-22,Yorkshire and The Humber,44147
2020-09-23,East Midlands,30921
2020-09-23,East of England,29660
2020-09-23,London,46280
2020-09-23,North East,21960
2020-09-23,North West,72098
2020-09-23,South East,41521
2020-09-23,South West,16817
2020-09-23,West Midlands,38979
2020-09-23,Yorkshire and The Humber,44830
2020-09-24,East Midlands,31257
2020-09-24,East of England,29923
2020-09-24,London,46900
2020-09-24,North East,22483
2020-09-24,North West,73988
2020-09-24,South East,41847
2020-09-24,South West,16992
2020-09-24,West Midlands,39587
2020-09-24,Yorkshire and The Humber,45638
2020-09-25,East Midlands,31557
2020-09-25,East of England,30132
2020-09-25,London,47484
2020-09-25,North East,23059
2020-09-25,North West,76203
2020-09-25,South East,42146
2020-09-25,South West,17173
2020-09-25,West Midlands,40159
2020-09-25,Yorkshire and The Humber,46400
2020-09-26,East Midlands,31852
2020-09-26,East of England,30308
2020-09-26,London,47845
2020-09-26,North East,23581
2020-09-26,North West,77849
2020-09-26,South East,42319
2020-09-26,South West,17314
2020-09-26,West Midlands,40700
2020-09-26,Yorkshire and The Humber,47082
2020-09-27,East Midlands,32105
2020-09-27,East of England,30502
2020-09-27,London,48432
2020-09-27,North East,24064
2020-09-27,North West,79417
2020-09-27,South East,42594
2020-09-27,South West,17479
2020-09-27,West Midlands,41269
2020-09-27,Yorkshire and The Humber,47718
2020-09-28,East Midlands,32327
2020-09-28,East of England,30652
2020-09-28,London,48829
2020-09-28,North East,24341
2020-09-28,North West,80555
2020-09-28,South East,42745
2020-09-28,South West,17566
2020-09-28,West Midlands,41596
2020-09-28,Yorkshire and The Humber,48243
2020-09-29,East Midlands,32676
2020-09-29,East of England,30875
2020-09-29,London,49333
2020-09-29,North East,25097
2020-09-29,North West,82371
2020-09-29,South East,43058
2020-09-29,South West,17748
2020-09-29,West Midlands,42210
2020-09-29,Yorkshire and The Humber,49072
2020-09-30,East Midlands,32991
2020-09-30,East of England,31051
2020-09-30,London,49721
2020-09-30,North East,25690
2020-09-30,North West,84650
2020-09-30,South East,43283
2020-09-30,South West,17884
2020-09-30,West Midlands,42638
2020-09-30,Yorkshire and The Humber,50131
2020-10-01,East Midlands,33419
2020-10-01,East of England,31326
2020-10-01,London,50272
2020-10-01,North East,26053
2020-10-01,North West,86681
2020-10-01,South East,43551
2020-10-01,South West,18053
2020-10-01,West Midlands,43244
2020-10-01,Yorkshire and The Humber,50954
2020-10-02,East Midlands,33808
2020-10-02,East of England,31551
2020-10-02,London,50769
2020-10-02,North East,26474
2020-10-02,North West,88284
2020-10-02,South East,43823
2020-10-02,South West,18246
2020-10-02,West Midlands,43652
2020-10-02,Yorkshire and The Humber,51672
2020-10-03,East Midlands,34608
2020-10-03,East of England,31933
2020-10-03,London,51839
2020-10-03,North East,27380
2020-10-03,North West,91823
2020-10-03,South East,44375
2020-10-03,South West,18635
2020-10-03,West Midlands,44691
2020-10-03,Yorkshire and The Humber,53431
2020-10-04,East Midlands,36543
2020-10-04,East of England,32760
2020-10-04,London,53804
2020-10-04,North East,30009
2020-10-04,North West,98565
2020-10-04,South East,45496
2020-10-04,South West,19306
2020-10-04,West Midlands,46335
2020-10-04,Yorkshire and The Humber,57037
2020-10-05,East Midlands,37255
2020-10-05,East of England,33129
2020-10-05,London,54793
2020-10-05,North East,31122
2020-10-05,North West,101731
2020-10-05,South East,46156
2020-10-05,South West,19790
2020-10-05,West Midlands,47241
2020-10-05,Yorkshire and The Humber,59231
2020-10-06,East Midlands,38143
2020-10-06,East of England,33621
2020-10-06,London,55709
2020-10-06,North East,32355
2020-10-06,North West,106172
2020-10-06,South East,46815
2020-10-06,South West,20191
2020-10-06,West Midlands,48300
2020-10-06,Yorkshire and The Humber,61668
2020-10-08,East Midlands,40927
2020-10-08,East of England,35046
2020-10-08,London,58271
2020-10-08,North East,34686
2020-10-08,North West,114175
2020-10-08,South East,48655
2020-10-08,South West,21479
2020-10-08,West Midlands,50326
2020-10-08,Yorkshire and The Humber,65670
2020-10-09,East Midlands,42324
2020-10-09,East of England,35713
2020-10-09,London,59728
2020-10-09,North East,35773
2020-10-09,North West,116646
2020-10-09,South East,49588
2020-10-09,South West,22123
2020-10-09,West Midlands,51131
2020-10-09,Yorkshire and The Humber,66830
2020-10-10,East Midlands,43501
2020-10-10,East of England,36260
2020-10-10,London,60902
2020-10-10,North East,36924
2020-10-10,North West,120318
2020-10-10,South East,50340
2020-10-10,South West,22671
2020-10-10,West Midlands,52227
2020-10-10,Yorkshire and The Humber,69119
2020-10-11,East Midlands,44642
2020-10-11,East of England,36578
2020-10-11,London,61539
2020-10-11,North East,37891
2020-10-11,North West,123837
2020-10-11,South East,50760
2020-10-11,South West,23012
2020-10-11,West Midlands,53173
2020-10-11,Yorkshire and The Humber,71122
2020-10-12,East Midlands,45982
2020-10-12,East of England,36959
2020-10-12,London,62340
2020-10-12,North East,39041
2020-10-12,North West,127818
2020-10-12,South East,51370
2020-10-12,South West,23398
2020-10-12,West Midlands,54111
2020-10-12,Yorkshire and The Humber,73075
2020-10-13,East Midlands,47523
2020-10-13,East of England,37616
2020-10-13,London,63781
2020-10-13,North East,40086
2020-10-13,North West,132328
2020-10-13,South East,52290
2020-10-13,South West,24162
2020-10-13,West Midlands,55197
2020-10-13,Yorkshire and The Humber,75305
2020-10-14,East Midlands,49399
2020-10-14,East of England,38460
2020-10-14,London,65503
2020-10-14,North East,41314
2020-10-14,North West,136060
2020-10-14,South East,53456
2020-10-14,South West,25059
2020-10-14,West Midlands,57001
2020-10-14,Yorkshire and The Humber,78022
2020-10-15,East Midlands,51398
2020-10-15,East of England,39381
2020-10-15,London,67346
2020-10-15,North East,42647
2020-10-15,North West,140312
2020-10-15,South East,54539
2020-10-15,South West,25801
2020-10-15,West Midlands,58241
2020-10-15,Yorkshire and The Humber,80537
2020-10-16,East Midlands,52056
2020-10-16,East of England,39958
2020-10-16,London,68740
2020-10-16,North East,43825
2020-10-16,North West,143636
2020-10-16,South East,55353
2020-10-16,South West,26378
2020-10-16,West Midlands,59937
2020-10-16,Yorkshire and The Humber,82292
2020-10-17,East Midlands,53290
2020-10-17,East of England,40586
2020-10-17,London,69906
2020-10-17,North East,44926
2020-10-17,North West,147641
2020-10-17,South East,56294
2020-10-17,South West,27178
2020-10-17,West Midlands,61057
2020-10-17,Yorkshire and The Humber,84419
2020-10-18,East Midlands,54800
2020-10-18,East of England,41407
2020-10-18,London,71552
2020-10-18,North East,45481
2020-10-18,North West,151976
2020-10-18,South East,57153
2020-10-18,South West,27727
2020-10-18,West Midlands,62439
2020-10-18,Yorkshire and The Humber,87316
2020-10-19,East Midlands,56752
2020-10-19,East of England,42126
2020-10-19,London,73497
2020-10-19,North East,46188
2020-10-19,North West,157193
2020-10-19,South East,58204
2020-10-19,South West,28250
2020-10-19,West Midlands,63822
2020-10-19,Yorkshire and The Humber,90015
2020-10-20,East Midlands,58687
2020-10-20,East of England,42873
2020-10-20,London,74977
2020-10-20,North East,47626
2020-10-20,North West,162230
2020-10-20,South East,59194
2020-10-20,South West,29255
2020-10-20,West Midlands,65597
2020-10-20,Yorkshire and The Humber,93204
2020-10-21,East Midlands,60636
2020-10-21,East of England,44222
2020-10-21,London,77839
2020-10-21,North East,49514
2020-10-21,North West,167698
2020-10-21,South East,60903
2020-10-21,South West,30235
2020-10-21,West Midlands,68024
2020-10-21,Yorkshire and The Humber,97333
2020-10-22,East Midlands,62486
2020-10-22,East of England,45196
2020-10-22,London,79485
2020-10-22,North East,50907
2020-10-22,North West,172229
2020-10-22,South East,62092
2020-10-22,South West,31224
2020-10-22,West Midlands,69718
2020-10-22,Yorkshire and The Humber,100194
2020-10-23,East Midlands,64279
2020-10-23,East of England,46042
2020-10-23,London,81203
2020-10-23,North East,52184
2020-10-23,North West,176185
2020-10-23,South East,63340
2020-10-23,South West,32345
2020-10-23,West Midlands,71898
2020-10-23,Yorkshire and The Humber,102939
2020-10-24,East Midlands,66413
2020-10-24,East of England,47002
2020-10-24,London,83424
2020-10-24,North East,53334
2020-10-24,North West,180788
2020-10-24,South East,64902
2020-10-24,South West,33512
2020-10-24,West Midlands,73950
2020-10-24,Yorkshire and The Humber,106200
2020-10-25,East Midlands,68169
2020-10-25,East of England,47950
2020-10-25,London,85215
2020-10-25,North East,54382
2020-10-25,North West,185081
2020-10-25,South East,66238
2020-10-25,South West,34851
2020-10-25,West Midlands,75389
2020-10-25,Yorkshire and The Humber,108580
2020-10-26,East Midlands,70097
2020-10-26,East of England,48746
2020-10-26,London,87022
2020-10-26,North East,55352
2020-10-26,North West,189805
2020-10-26,South East,67579
2020-10-26,South West,35843
2020-10-26,West Midlands,77559
2020-10-26,Yorkshire and The Humber,111580
2020-10-27,East Midlands,71932
2020-10-27,East of England,49543
2020-10-27,London,89021
2020-10-27,North East,56514
2020-10-27,North West,195127
2020-10-27,South East,69021
2020-10-27,South West,36955
2020-10-27,West Midlands,79787
2020-10-27,Yorkshire and The Humber,115145
2020-10-28,East Midlands,73838
2020-10-28,East of England,50642
2020-10-28,London,91498
2020-10-28,North East,57535
2020-10-28,North West,200118
2020-10-28,South East,70898
2020-10-28,South West,38283
2020-10-28,West Midlands,82363
2020-10-28,Yorkshire and The Humber,118910
2020-10-29,East Midlands,75898
2020-10-29,East of England,51686
2020-10-29,London,93431
2020-10-29,North East,58671
2020-10-29,North West,205150
2020-10-29,South East,72322
2020-10-29,South West,39454
2020-10-29,West Midlands,84720
2020-10-29,Yorkshire and The Humber,122297
2020-10-30,East Midlands,77913
2020-10-30,East of England,52851
2020-10-30,London,95862
2020-10-30,North East,59725
2020-10-30,North West,210230
2020-10-30,South East,74216
2020-10-30,South West,40682
2020-10-30,West Midlands,87086
2020-10-30,Yorkshire and The Humber,125722
2020-10-31,East Midlands,80144
2020-10-31,East of England,53715
2020-10-31,London,97430
2020-10-31,North East,60888
2020-10-31,North West,214817
2020-10-31,South East,75612
2020-10-31,South West,42089
2020-10-31,West Midlands,88879
2020-10-31,Yorkshire and The Humber,129360
2020-11-01,East Midlands,82454
2020-11-01,East of England,54651
2020-11-01,London,99486
2020-11-01,North East,62058
2020-11-01,North West,218862
2020-11-01,South East,77226
2020-11-01,South West,43337
2020-11-01,West Midlands,92134
2020-11-01,Yorkshire and The Humber,133160
2020-11-02,East Midlands,83996
2020-11-02,East of England,55518
2020-11-02,London,101225
2020-11-02,North East,63097
2020-11-02,North West,222108
2020-11-02,South East,78851
2020-11-02,South West,44421
2020-11-02,West Midlands,93860
2020-11-02,Yorkshire and The Humber,136066
2020-11-03,East Midlands,85691
2020-11-03,East of England,56299
2020-11-03,London,102800
2020-11-03,North East,64399
2020-11-03,North West,226023
2020-11-03,South East,80293
2020-11-03,South West,45685
2020-11-03,West Midlands,96012
2020-11-03,Yorkshire and The Humber,139060
2020-11-04,East Midlands,87566
2020-11-04,East of England,57430
2020-11-04,London,105107
2020-11-04,North East,65671
2020-11-04,North West,231043
2020-11-04,South East,82127
2020-11-04,South West,47114
2020-11-04,West Midlands,99268
2020-11-04,Yorkshire and The Humber,142677
2020-11-05,East Midlands,89738
2020-11-05,East of England,58486
2020-11-05,London,107190
2020-11-05,North East,67241
2020-11-05,North West,235637
2020-11-05,South East,83897
2020-11-05,South West,48329
2020-11-05,West Midlands,101648
2020-11-05,Yorkshire and The Humber,146761
2020-11-06,East Midlands,91851
2020-11-06,East of England,59493
2020-11-06,London,109138
2020-11-06,North East,68694
2020-11-06,North West,239326
2020-11-06,South East,85810
2020-11-06,South West,49839
2020-11-06,West Midlands,104520
2020-11-06,Yorkshire and The Humber,150353
2020-11-07,East Midlands,94008
2020-11-07,East of England,60717
2020-11-07,London,111490
2020-11-07,North East,70085
2020-11-07,North West,243846
2020-11-07,South East,87889
2020-11-07,South West,51132
2020-11-07,West Midlands,107158
2020-11-07,Yorkshire and The Humber,154367
2020-11-08,East Midlands,96183
2020-11-08,East of England,61704
2020-11-08,London,113294
2020-11-08,North East,71591
2020-11-08,North West,246923
2020-11-08,South East,89388
2020-11-08,South West,52148
2020-11-08,West Midlands,109523
2020-11-08,Yorkshire and The Humber,158098
2020-11-09,East Midlands,98534
2020-11-09,East of England,62901
2020-11-09,London,115382
2020-11-09,North East,72931
2020-11-09,North West,249719
2020-11-09,South East,91453
2020-11-09,South West,53409
2020-11-09,West Midlands,112506
2020-11-09,Yorkshire and The Humber,160902
2020-11-10,East Midlands,101244
2020-11-10,East of England,63903
2020-11-10,London,116883
2020-11-10,North East,74234
2020-11-10,North West,253107
2020-11-10,South East,93146
2020-11-10,South West,54534
2020-11-10,West Midlands,115294
2020-11-10,Yorkshire and The Humber,163903
2020-11-11,East Midlands,102842
2020-11-11,East of England,65216
2020-11-11,London,118936
2020-11-11,North East,75905
2020-11-11,North West,256947
2020-11-11,South East,95357
2020-11-11,South West,55815
2020-11-11,West Midlands,117994
2020-11-11,Yorkshire and The Humber,167066
2020-11-12,East Midlands,106270
2020-11-12,East of England,67204
2020-11-12,London,122865
2020-11-12,North East,77991
2020-11-12,North West,262069
2020-11-12,South East,98663
2020-11-12,South West,57658
2020-11-12,West Midlands,122342
2020-11-12,Yorkshire and The Humber,171649
2020-11-13,East Midlands,108653
2020-11-13,East of England,68854
2020-11-13,London,125782
2020-11-13,North East,79874
2020-11-13,North West,266434
2020-11-13,South East,101307
2020-11-13,South West,59202
2020-11-13,West Midlands,125492
2020-11-13,Yorkshire and The Humber,175481
2020-11-14,East Midlands,110841
2020-11-14,East of England,70071
2020-11-14,London,128370
2020-11-14,North East,81493
2020-11-14,North West,270133
2020-11-14,South East,104417
2020-11-14,South West,62570
2020-11-14,West Midlands,128482
2020-11-14,Yorkshire and The Humber,178813
2020-11-15,East Midlands,113309
2020-11-15,East of England,71483
2020-11-15,London,131013
2020-11-15,North East,82976
2020-11-15,North West,273238
2020-11-15,South East,107069
2020-11-15,South West,64225
2020-11-15,West Midlands,131607
2020-11-15,Yorkshire and The Humber,182119
2020-11-16,East Midlands,116653
2020-11-16,East of England,70455
2020-11-16,London,131687
2020-11-16,North East,86341
2020-11-16,North West,277818
2020-11-16,South East,107164
2020-11-16,South West,66188
2020-11-16,West Midlands,135062
2020-11-16,Yorkshire and The Humber,185714
2020-11-17,East Midlands,118635
2020-11-17,East of England,71588
2020-11-17,London,133789
2020-11-17,North East,87617
2020-11-17,North West,280264
2020-11-17,South East,109190
2020-11-17,South West,67447
2020-11-17,West Midlands,137701
2020-11-17,Yorkshire and The Humber,188254
2020-11-18,East Midlands,120276
2020-11-18,East of England,72478
2020-11-18,London,135812
2020-11-18,North East,89173
2020-11-18,North West,283384
2020-11-18,South East,110974
2020-11-18,South West,68637
2020-11-18,West Midlands,139707
2020-11-18,Yorkshire and The Humber,191161
2020-11-19,East Midlands,122083
2020-11-19,East of England,73982
2020-11-19,London,138352
2020-11-19,North East,90463
2020-11-19,North West,286057
2020-11-19,South East,113501
2020-11-19,South West,70175
2020-11-19,West Midlands,142940
2020-11-19,Yorkshire and The Humber,194186
2020-11-20,East Midlands,123613
2020-11-20,East of England,75132
2020-11-20,London,140260
2020-11-20,North East,91902
2020-11-20,North West,288943
2020-11-20,South East,115208
2020-11-20,South West,71508
2020-11-20,West Midlands,145978
2020-11-20,Yorkshire and The Humber,196897
2020-11-21,East Midlands,125935
2020-11-21,East of England,76327
2020-11-21,London,142807
2020-11-21,North East,93008
2020-11-21,North West,291077
2020-11-21,South East,117481
2020-11-21,South West,72447
2020-11-21,West Midlands,148716
2020-11-21,Yorkshire and The Humber,199117
2020-11-22,East Midlands,127583
2020-11-22,East of England,77782
2020-11-22,London,145786
2020-11-22,North East,93845
2020-11-22,North West,293071
2020-11-22,South East,119931
2020-11-22,South West,73464
2020-11-22,West Midlands,151181
2020-11-22,Yorkshire and The Humber,200865
2020-11-23,East Midlands,129040
2020-11-23,East of England,78766
2020-11-23,London,147861
2020-11-23,North East,94577
2020-11-23,North West,294644
2020-11-23,South East,121930
2020-11-23,South West,74225
2020-11-23,West Midlands,153201
2020-11-23,Yorkshire and The Humber,202532
2020-11-24,East Midlands,129918
2020-11-24,East of England,79680
2020-11-24,London,149270
2020-11-24,North East,95175
2020-11-24,North West,296113
2020-11-24,South East,123144
2020-11-24,South West,74893
2020-11-24,West Midlands,154445
2020-11-24,Yorkshire and The Humber,203867
2020-11-25,East Midlands,131458
2020-11-25,East of England,80867
2020-11-25,London,151773
2020-11-25,North East,96051
2020-11-25,North West,298210
2020-11-25,South East,125508
2020-11-25,South West,75733
2020-11-25,West Midlands,156869
2020-11-25,Yorkshire and The Humber,205851
2020-11-26,East Midlands,132988
2020-11-26,East of England,81975
2020-11-26,London,153858
2020-11-26,North East,96951
2020-11-26,North West,300071
2020-11-26,South East,127553
2020-11-26,South West,76688
2020-11-26,West Midlands,159106
2020-11-26,Yorkshire and The Humber,207656
2020-11-27,East Midlands,134225
2020-11-27,East of England,82924
2020-11-27,London,155658
2020-11-27,North East,97756
2020-11-27,North West,301860
2020-11-27,South East,129353
2020-11-27,South West,77396
2020-11-27,West Midlands,160824
2020-11-27,Yorkshire and The Humber,209080
2020-11-28,East Midlands,135556
2020-11-28,East of England,83998
2020-11-28,London,157918
2020-11-28,North East,98508
2020-11-28,North West,303529
2020-11-28,South East,131271
2020-11-28,South West,78275
2020-11-28,West Midlands,162501
2020-11-28,Yorkshire and The Humber,210743
2020-11-29,East Midlands,136454
2020-11-29,East of England,84972
2020-11-29,London,159557
2020-11-29,North East,99106
2020-11-29,North West,304875
2020-11-29,South East,132839
2020-11-29,South West,78890
2020-11-29,West Midlands,163670
2020-11-29,Yorkshire and The Humber,211924
2020-11-30,East Midlands,137481
2020-11-30,East of England,86063
2020-11-30,London,161626
2020-11-30,North East,99634
2020-11-30,North West,305677
2020-11-30,South East,134734
2020-11-30,South West,79424
2020-11-30,West Midlands,165388
2020-11-30,Yorkshire and The Humber,213043
2020-12-01,East Midlands,138556
2020-12-01,East of England,86993
2020-12-01,London,163590
2020-12-01,North East,100272
2020-12-01,North West,307366
2020-12-01,South East,136610
2020-12-01,South West,80111
2020-12-01,West Midlands,166823
2020-12-01,Yorkshire and The Humber,214280
2020-12-02,East Midlands,139831
2020-12-02,East of England,88314
2020-12-02,London,166204
2020-12-02,North East,100862
2020-12-02,North West,309085
2020-12-02,South East,138820
2020-12-02,South West,80760
2020-12-02,West Midlands,168318
2020-12-02,Yorkshire and The Humber,215627
2020-12-03,East Midlands,140923
2020-12-03,East of England,89499
2020-12-03,London,168285
2020-12-03,North East,101514
2020-12-03,North West,310491
2020-12-03,South East,140752
2020-12-03,South West,81371
2020-12-03,West Midlands,169674
2020-12-03,Yorkshire and The Humber,217147
2020-12-04,East Midlands,142207
2020-12-04,East of England,90789
2020-12-04,London,171108
2020-12-04,North East,102212
2020-12-04,North West,311865
2020-12-04,South East,143051
2020-12-04,South West,82120
2020-12-04,West Midlands,171135
2020-12-04,Yorkshire and The Humber,218507
2020-12-05,East Midlands,143530
2020-12-05,East of England,92183
2020-12-05,London,173484
2020-12-05,North East,102798
2020-12-05,North West,313501
2020-12-05,South East,145150
2020-12-05,South West,82821
2020-12-05,West Midlands,172446
2020-12-05,Yorkshire and The Humber,219623
2020-12-06,East Midlands,144795
2020-12-06,East of England,93699
2020-12-06,London,176682
2020-12-06,North East,103340
2020-12-06,North West,315019
2020-12-06,South East,147747
2020-12-06,South West,83529
2020-12-06,West Midlands,174027
2020-12-06,Yorkshire and The Humber,220885
2020-12-07,East Midlands,145823
2020-12-07,East of England,95028
2020-12-07,London,179142
2020-12-07,North East,103806
2020-12-07,North West,316170
2020-12-07,South East,149916
2020-12-07,South West,84151
2020-12-07,West Midlands,175361
2020-12-07,Yorkshire and The Humber,221882
2020-12-08,East Midlands,146710
2020-12-08,East of England,96369
2020-12-08,London,181345
2020-12-08,North East,104212
2020-12-08,North West,317324
2020-12-08,South East,151860
2020-12-08,South West,84677
2020-12-08,West Midlands,176426
2020-12-08,Yorkshire and The Humber,222719
2020-12-09,East Midlands,147704
2020-12-09,East of England,97789
2020-12-09,London,183895
2020-12-09,North East,104899
2020-12-09,North West,319058
2020-12-09,South East,154101
2020-12-09,South West,85271
2020-12-09,West Midlands,177807
2020-12-09,Yorkshire and The Humber,223986
2020-12-10,East Midlands,149314
2020-12-10,East of England,100178
2020-12-10,London,188039
2020-12-10,North East,105690
2020-12-10,North West,320557
2020-12-10,South East,157546
2020-12-10,South West,85971
2020-12-10,West Midlands,179456
2020-12-10,Yorkshire and The Humber,225239
2020-12-11,East Midlands,150842
2020-12-11,East of England,102589
2020-12-11,London,192794
2020-12-11,North East,106379
2020-12-11,North West,322133
2020-12-11,South East,160787
2020-12-11,South West,86588
2020-12-11,West Midlands,181085
2020-12-11,Yorkshire and The Humber,226546
2020-12-12,East Midlands,152157
2020-12-12,East of England,104736
2020-12-12,London,197077
2020-12-12,North East,107150
2020-12-12,North West,323924
2020-12-12,South East,164264
2020-12-12,South West,87471
2020-12-12,West Midlands,182594
2020-12-12,Yorkshire and The Humber,227794
2020-12-13,East Midlands,153445
2020-12-13,East of England,106827
2020-12-13,London,201243
2020-12-13,North East,107722
2020-12-13,North West,325414
2020-12-13,South East,167725
2020-12-13,South West,88443
2020-12-13,West Midlands,184371
2020-12-13,Yorkshire and The Humber,229030
2020-12-14,East Midlands,154629
2020-12-14,East of England,109677
2020-12-14,London,206565
2020-12-14,North East,108231
2020-12-14,North West,326498
2020-12-14,South East,171523
2020-12-14,South West,89249
2020-12-14,West Midlands,185604
2020-12-14,Yorkshire and The Humber,230039
2020-12-15,East Midlands,155825
2020-12-15,East of England,111971
2020-12-15,London,210803
2020-12-15,North East,108691
2020-12-15,North West,328074
2020-12-15,South East,174645
2020-12-15,South West,90042
2020-12-15,West Midlands,187177
2020-12-15,Yorkshire and The Humber,231200
2020-12-16,East Midlands,157173
2020-12-16,East of England,115316
2020-12-16,London,217580
2020-12-16,North East,109492
2020-12-16,North West,330238
2020-12-16,South East,179042
2020-12-16,South West,91173
2020-12-16,West Midlands,189106
2020-12-16,Yorkshire and The Humber,232568
2020-12-17,East Midlands,158567
2020-12-17,East of England,119195
2020-12-17,London,223342
2020-12-17,North East,110082
2020-12-17,North West,332086
2020-12-17,South East,183786
2020-12-17,South West,92308
2020-12-17,West Midlands,190858
2020-12-17,Yorkshire and The Humber,233688
2020-12-18,East Midlands,160502
2020-12-18,East of England,123352
2020-12-18,London,230720
2020-12-18,North East,110597
2020-12-18,North West,333616
2020-12-18,South East,188801
2020-12-18,South West,93246
2020-12-18,West Midlands,192586
2020-12-18,Yorkshire and The Humber,234718
2020-12-19,East Midlands,161659
2020-12-19,East of England,126873
2020-12-19,London,237651
2020-12-19,North East,111128
2020-12-19,North West,335319
2020-12-19,South East,193567
2020-12-19,South West,94349
2020-12-19,West Midlands,194326
2020-12-19,Yorkshire and The Humber,235832
2020-12-20,East Midlands,163313
2020-12-20,East of England,131519
2020-12-20,London,249228
2020-12-20,North East,111714
2020-12-20,North West,337264
2020-12-20,South East,200687
2020-12-20,South West,95209
2020-12-20,West Midlands,196774
2020-12-20,Yorkshire and The Humber,236973
2020-12-21,East Midlands,164810
2020-12-21,East of England,135571
2020-12-21,London,258686
2020-12-21,North East,112822
2020-12-21,North West,339534
2020-12-21,South East,206209
2020-12-21,South West,96433
2020-12-21,West Midlands,198628
2020-12-21,Yorkshire and The Humber,238508
2020-12-22,East Midlands,166662
2020-12-22,East of England,140146
2020-12-22,London,268887
2020-12-22,North East,114075
2020-12-22,North West,341892
2020-12-22,South East,212429
2020-12-22,South West,97983
2020-12-22,West Midlands,200911
2020-12-22,Yorkshire and The Humber,240120
2020-12-23,East Midlands,168535
2020-12-23,East of England,145757
2020-12-23,London,278760
2020-12-23,North East,115016
2020-12-23,North West,344689
2020-12-23,South East,218415
2020-12-23,South West,99301
2020-12-23,West Midlands,204513
2020-12-23,Yorkshire and The Humber,241970
2020-12-24,East Midlands,170644
2020-12-24,East of England,151835
2020-12-24,London,289473
2020-12-24,North East,116153
2020-12-24,North West,347501
2020-12-24,South East,225325
2020-12-24,South West,100681
2020-12-24,West Midlands,206669
2020-12-24,Yorkshire and The Humber,243939
2020-12-25,East Midlands,172531
2020-12-25,East of England,156766
2020-12-25,London,299263
2020-12-25,North East,117097
2020-12-25,North West,349719
2020-12-25,South East,231649
2020-12-25,South West,101833
2020-12-25,West Midlands,209164
2020-12-25,Yorkshire and The Humber,245359
2020-12-26,East Midlands,174512
2020-12-26,East of England,161808
2020-12-26,London,307779
2020-12-26,North East,117902
2020-12-26,North West,351337
2020-12-26,South East,238798
2020-12-26,South West,103916
2020-12-26,West Midlands,211715
2020-12-26,Yorkshire and The Humber,246695
2020-12-27,East Midlands,175508
2020-12-27,East of England,165175
2020-12-27,London,317498
2020-12-27,North East,118485
2020-12-27,North West,353536
2020-12-27,South East,243810
2020-12-27,South West,105108
2020-12-27,West Midlands,212969
2020-12-27,Yorkshire and The Humber,247879
2020-12-28,East Midlands,177777
2020-12-28,East of England,170974
2020-12-28,London,329839
2020-12-28,North East,119184
2020-12-28,North West,356087
2020-12-28,South East,250400
2020-12-28,South West,107362
2020-12-28,West Midlands,215072
2020-12-28,Yorkshire and The Humber,249639
2020-12-29,East Midlands,180346
2020-12-29,East of England,178196
2020-12-29,London,344714
2020-12-29,North East,120414
2020-12-29,North West,360281
2020-12-29,South East,259286
2020-12-29,South West,109552
2020-12-29,West Midlands,219065
2020-12-29,Yorkshire and The Humber,251525
2020-12-30,East Midlands,182776
2020-12-30,East of England,184927
2020-12-30,London,357544
2020-12-30,North East,122371
2020-12-30,North West,363701
2020-12-30,South East,267426
2020-12-30,South West,111769
2020-12-30,West Midlands,222497
2020-12-30,Yorkshire and The Humber,253582
2020-12-31,East Midlands,185558
2020-12-31,East of England,192406
2020-12-31,London,369948
2020-12-31,North East,124112
2020-12-31,North West,368447
2020-12-31,South East,277197
2020-12-31,South West,114455
2020-12-31,West Midlands,227483
2020-12-31,Yorkshire and The Humber,256077
2021-01-01,East Midlands,188637
2021-01-01,East of England,200046
2021-01-01,London,385037
2021-01-01,North East,125452
2021-01-01,North West,373611
2021-01-01,South East,288041
2021-01-01,South West,116559
2021-01-01,West Midlands,230343
2021-01-01,Yorkshire and The Humber,258252
2021-01-02,East Midlands,191788
2021-01-02,East of England,206270
2021-01-02,London,398215
2021-01-02,North East,127189
2021-01-02,North West,377651
2021-01-02,South East,296390
2021-01-02,South West,119652
2021-01-02,West Midlands,236764
2021-01-02,Yorkshire and The Humber,261006
2021-01-03,East Midlands,193570
2021-01-03,East of England,212970
2021-01-03,London,412427
2021-01-03,North East,128755
2021-01-03,North West,383829
2021-01-03,South East,305412
2021-01-03,South West,121989
2021-01-03,West Midlands,239698
2021-01-03,Yorkshire and The Humber,262939
2021-01-04,East Midlands,197372
2021-01-04,East of England,219953
2021-01-04,London,423797
2021-01-04,North East,130879
2021-01-04,North West,390166
2021-01-04,South East,314987
2021-01-04,South West,125305
2021-01-04,West Midlands,246407
2021-01-04,Yorkshire and The Humber,265674
2021-01-05,East Midlands,200758
2021-01-05,East of England,227845
2021-01-05,London,438497
2021-01-05,North East,132431
2021-01-05,North West,395440
2021-01-05,South East,325880
2021-01-05,South West,128277
2021-01-05,West Midlands,251663
2021-01-05,Yorkshire and The Humber,268313
2021-01-06,East Midlands,204420
2021-01-06,East of England,235253
2021-01-06,London,453389
2021-01-06,North East,134411
2021-01-06,North West,401233
2021-01-06,South East,335447
2021-01-06,South West,131500
2021-01-06,West Midlands,257802
2021-01-06,Yorkshire and The Humber,271368
2021-01-07,East Midlands,207629
2021-01-07,East of England,240627
2021-01-07,London,463539
2021-01-07,North East,135747
2021-01-07,North West,408394
2021-01-07,South East,343670
2021-01-07,South West,134933
2021-01-07,West Midlands,262495
2021-01-07,Yorkshire and The Humber,274226
2021-01-08,East Midlands,211082
2021-01-08,East of England,249144
2021-01-08,London,480650
2021-01-08,North East,137225
2021-01-08,North West,416065
2021-01-08,South East,354426
2021-01-08,South West,139206
2021-01-08,West Midlands,268064
2021-01-08,Yorkshire and The Humber,276770
2021-01-09,East Midlands,214481
2021-01-09,East of England,256123
2021-01-09,London,495949
2021-01-09,North East,138322
2021-01-09,North West,423221
2021-01-09,South East,364574
2021-01-09,South West,141931
2021-01-09,West Midlands,272941
2021-01-09,Yorkshire and The Humber,279006
2021-01-10,East Midlands,217329
2021-01-10,East of England,262079
2021-01-10,London,509623
2021-01-10,North East,139591
2021-01-10,North West,430786
2021-01-10,South East,372951
2021-01-10,South West,144889
2021-01-10,West Midlands,277666
2021-01-10,Yorkshire and The Humber,281695
2021-01-11,East Midlands,220229
2021-01-11,East of England,266803
2021-01-11,London,519733
2021-01-11,North East,140829
2021-01-11,North West,436205
2021-01-11,South East,379643
2021-01-11,South West,147898
2021-01-11,West Midlands,283325
2021-01-11,Yorkshire and The Humber,283577
2021-01-12,East Midlands,222986
2021-01-12,East of England,271946
2021-01-12,London,528292
2021-01-12,North East,142128
2021-01-12,North West,442658
2021-01-12,South East,386605
2021-01-12,South West,150678
2021-01-12,West Midlands,288081
2021-01-12,Yorkshire and The Humber,285597
2021-01-13,East Midlands,226063
2021-01-13,East of England,276767
2021-01-13,London,538312
2021-01-13,North East,144039
2021-01-13,North West,448622
2021-01-13,South East,393375
2021-01-13,South West,153410
2021-01-13,West Midlands,292732
2021-01-13,Yorkshire and The Humber,288343
2021-01-14,East Midlands,229092
2021-01-14,East of England,281508
2021-01-14,London,548116
2021-01-14,North East,145674
2021-01-14,North West,455182
2021-01-14,South East,400612
2021-01-14,South West,157122
2021-01-14,West Midlands,297565
2021-01-14,Yorkshire and The Humber,290818
2021-01-15,East Midlands,232635
2021-01-15,East of England,288081
2021-01-15,London,559093
2021-01-15,North East,147622
2021-01-15,North West,461546
2021-01-15,South East,409553
2021-01-15,South West,159958
2021-01-15,West Midlands,304626
2021-01-15,Yorkshire and The Humber,292986
2021-01-16,East Midlands,235286
2021-01-16,East of England,292530
2021-01-16,London,567931
2021-01-16,North East,148883
2021-01-16,North West,466629
2021-01-16,South East,415842
2021-01-16,South West,162556
2021-01-16,West Midlands,309690
2021-01-16,Yorkshire and The Humber,294186
2021-01-17,East Midlands,237515
2021-01-17,East of England,296600
2021-01-17,London,577926
2021-01-17,North East,149960
2021-01-17,North West,470892
2021-01-17,South East,421975
2021-01-17,South West,164737
2021-01-17,West Midlands,313323
2021-01-17,Yorkshire and The Humber,295680
2021-01-18,East Midlands,240179
2021-01-18,East of England,300599
2021-01-18,London,584977
2021-01-18,North East,151047
2021-01-18,North West,475558
2021-01-18,South East,427420
2021-01-18,South West,167077
2021-01-18,West Midlands,318014
2021-01-18,Yorkshire and The Humber,297678
2021-01-19,East Midlands,242463
2021-01-19,East of England,304155
2021-01-19,London,591214
2021-01-19,North East,152113
2021-01-19,North West,479569
2021-01-19,South East,432008
2021-01-19,South West,169185
2021-01-19,West Midlands,322166
2021-01-19,Yorkshire and The Humber,299765
2021-01-20,East Midlands,245537
2021-01-20,East of England,307875
2021-01-20,London,597404
2021-01-20,North East,153612
2021-01-20,North West,484849
2021-01-20,South East,437492
2021-01-20,South West,171562
2021-01-20,West Midlands,326708
2021-01-20,Yorkshire and The Humber,302262
2021-01-21,East Midlands,248397
2021-01-21,East of England,311464
2021-01-21,London,605139
2021-01-21,North East,154996
2021-01-21,North West,489280
2021-01-21,South East,442479
2021-01-21,South West,173956
2021-01-21,West Midlands,331288
2021-01-21,Yorkshire and The Humber,304376
2021-01-22,East Midlands,251278
2021-01-22,East of England,316038
2021-01-22,London,613072
2021-01-22,North East,156263
2021-01-22,North West,494287
2021-01-22,South East,448917
2021-01-22,South West,176409
2021-01-22,West Midlands,335465
2021-01-22,Yorkshire and The Humber,306310
2021-01-23,East Midlands,253691
2021-01-23,East of England,319543
2021-01-23,London,619363
2021-01-23,North East,157439
2021-01-23,North West,498669
2021-01-23,South East,453254
2021-01-23,South West,178337
2021-01-23,West Midlands,339683
2021-01-23,Yorkshire and The Humber,308305
